{
  "system": "Linux",
  "version": "1.2",
  "lite": false,
  "py_version": "3.11",
  "py_version_micro": "3.11.11",
  "packages": {
    "markupsafe": "3.0.2",
    "altair": "5.5.0",
    "attrs": "25.1.0",
    "autogluon.common": "1.2",
    "autogluon.core": "1.2",
    "autogluon.features": "1.2",
    "autogluon.tabular": "1.2",
    "blinker": "1.9.0",
    "boto3": "1.37.9",
    "botocore": "1.37.9",
    "cachetools": "5.5.2",
    "certifi": "2025.1.31",
    "charset-normalizer": "3.4.1",
    "click": "8.1.8",
    "cloudpickle": "3.1.1",
    "contourpy": "1.3.1",
    "cycler": "0.12.1",
    "fonttools": "4.56.0",
    "idna": "3.10",
    "jinja2": "3.1.6",
    "jmespath": "1.0.1",
    "joblib": "1.4.2",
    "jsonschema": "4.23.0",
    "jsonschema-specifications": "2024.10.1",
    "kiwisolver": "1.4.8",
    "llvmlite": "0.43.0",
    "matplotlib": "3.10.1",
    "narwhals": "1.29.1",
    "networkx": "3.4.2",
    "numba": "0.60.0",
    "numpy": "2.0.2",
    "nvidia-nccl-cu12": "2.25.1",
    "packaging": "24.2",
    "pandas": "2.2.3",
    "pillow": "11.1.0",
    "pip": "25.0.1",
    "protobuf": "5.29.3",
    "psutil": "6.1.1",
    "pyarrow": "19.0.1",
    "pydeck": "0.9.1",
    "pyparsing": "3.2.1",
    "python-dateutil": "2.9.0.post0",
    "pytz": "2025.1",
    "referencing": "0.36.2",
    "requests": "2.32.3",
    "rpds-py": "0.23.1",
    "s3transfer": "0.11.4",
    "scikit-learn": "1.5.2",
    "scipy": "1.15.2",
    "shap": "0.46.0",
    "six": "1.17.0",
    "slicer": "0.0.8",
    "streamlit": "1.43.0",
    "tenacity": "9.0.0",
    "threadpoolctl": "3.5.0",
    "toml": "0.10.2",
    "tornado": "6.4.2",
    "tqdm": "4.67.1",
    "typing-extensions": "4.12.2",
    "tzdata": "2025.1",
    "urllib3": "2.3.0",
    "watchdog": "6.0.0",
    "xgboost": "2.1.4",
    "gitpython": "3.1.41",
    "gitdb": "4.0.11",
    "setuptools": "69.0.3",
    "smmap": "5.0.1",
    "wheel": "0.45.1"
  }
}